id;category;kind;front;back;extras;pronunciation;memoryHook;memoryStory;rank;labels;status;lastTested;numberOfTimesTested;lastLearned;numberOfTimesLearned;importId;systemWhenCreated;systemWhoCreated
19;linux;command;find out what kind of command a command is, e.g. `ls`;``` `type ls` (outputs e.g. *ls is aliased to 'ls --color=auto'*);;;;;3.38;;learned;2019-08-31 07:08:18;1;2019-08-31 07:08:18;1;findOutWhatKindOfCommandACommandIsEgLs_typeLs;2019-08-30 07:43:16;systemUnknown
20;linux;command;how to find out your shell		;echo $0;;;;;2.5;;learned;2019-08-31 07:13:45;1;2019-08-31 07:13:45;1;howToFindOutYourShell_echo;2019-08-30 07:43:16;systemUnknown
21;linux;command;how to get a detailed list of files in a directory;ll		;;;;;2.84;;learned;2019-08-31 07:08:22;1;2019-08-31 07:08:22;1;howToGetADetailedListOfFilesInADirectory_ll;2019-08-30 07:43:16;systemUnknown
1658;git;command;get back file from staging area to working directory, i.e. unstage a file;git reset [file];;;;;4.73;;learned;2019-10-29 08:21:09;4;2019-10-29 08:21:09;1;getBackFileFromStagingAreaToWorkingDirectory_gitResetFile;2019-10-29 05:48:34;systemUnknown
1659;git;command;"show simplified log ""hash - title - author""";"git log --pretty=format:""%h - %s - %an"" ";;;;;4.77;;learned;2020-05-06 08:58:02;9;2020-05-06 08:58:02;1;showSimplifiedLog_gitLogPrettyformathSAn;2019-10-29 05:48:34;systemUnknown
1660;git;command;discard changes in working directory (before add);git checkout -- [file];;;;;4.64;;learned;2019-10-29 07:14:06;2;2019-10-29 07:14:06;1;discardChangesInWorkingDirectoryBeforeAdd_gitCheckoutFile;2019-10-29 05:48:34;systemUnknown
1661;git;command;remove file from working directory and add deletion to staging area;git rm [file];;;;;4.74;;learned;2019-10-29 07:43:38;2;2019-10-29 07:43:38;1;removeFileFromWorkingDirectoryAndAddDeletionToStagingArea_gitRmFile;2019-10-29 06:33:19;systemUnknown
1662;git;command;how to find out what the master is;``` `git remote show origin` (you have to login);;;;;3.79;;learned;2020-06-08 06:03:08;5;2020-06-08 06:03:08;1;howToFindOutWhatTheMasterIs_gitRemoteShowOriginYouHaveToLogin;2019-10-29 06:33:19;systemUnknown
1663;git;command;list operations made on local repository;git reflog;;;;;2.76;;testing;2019-11-29 02:16:14;2;;0;listOperationsMadeOnLocalRepository_gitReflog;2019-10-29 06:33:19;systemUnknown
1664;git;command;save local copy temporarily;``` `git stash save pdf-junk`, `git stash list`, `git stash pop`, `git stash pop stash@{0}`, `get stash drop`;;;;;4.36;;removed;2020-05-13 09:44:55;9;;0;saveLocalCopyTemporarily_gitStashGitStashPopGetStashDrop;2019-10-29 06:33:19;systemUnknown
1665;git;command;how to get Github project locally;git clone https://github.com/edwardtanguay/testinfo.git test001;;;;;4.25;;learned;2020-05-13 08:42:24;6;2020-05-13 08:42:24;1;howToGetGithubProjectLocally_gitCloneHttpsgithubcomedwardtanguaytestinfogitTest1;2019-10-29 07:03:51;systemUnknown
1666;git;command;how to get updates from Github code locally and copy back up;git pull, git push;;;;;4.77;;learned;2019-10-29 07:43:11;2;2019-10-29 07:43:11;1;howToGetUpdatesFromGithubCodeLocallyAndCopyBackUp_gitPullGitPush;2019-10-29 07:03:51;systemUnknown
1667;git;command;change user name;"git config --global user.name ""Hans Schmidt""";;;;;4.5;;learned;2019-11-27 11:11:35;10;2019-11-27 11:11:35;1;changeUserName_gitConfigGlobalUsernameHansSchmidt;2019-10-29 08:20:51;systemUnknown
1668;git;command;delete branch on Github;git push origin :issue001;;;;;2.5;;testing;2019-10-29 20:24:15;1;;0;deleteBranchOnGithub_gitPushOriginIssue1;2019-10-29 08:20:51;systemUnknown
1669;git;command;change email ;"git config --global user.email ""hans@nnn.com""";;;;;4.84;;learned;2019-10-30 12:08:10;4;2019-10-30 12:08:10;1;changeEmail_gitConfigGlobalUseremailHansnnncom;2019-10-29 08:20:51;systemUnknown
1803;git;command;how to get git to remember your github credentials;git config --global credential.helper store;;;;;4.68;;learned;2019-11-29 04:44:20;5;2019-11-29 04:44:20;1;howToGetGitToRememberYourGithubCredentials_gitConfigGlobalCredentialhelperStore;2019-11-27 10:42:30;systemUnknown
1817;javascript;code;count how many items in array have property of certain value;"const numberSelected = this.categories.filter(x => x.included).length;";;;;;4.42;;learned;2019-11-29 07:18:48;3;2019-11-29 07:18:48;1;countHowManyItemsInArrayHavePropertyOfCertainValue_constNumberSelectedThiscategoriesfilterxXincludedlength;2019-11-28 21:12:49;systemUnknown
1818;javascript;code;change values of a property on each item in an array;"``` `this.categories.forEach((x) => { x.included = false; })`, but notice this only works for properties of objects, i.e. you can't change the objects themselves";;;;;3.43;;learned;2020-06-08 06:06:12;2;2020-06-08 06:06:12;1;changeValuesOfAPropertyOnEachItemInAnArray_thiscategoriesforEachxXincludedFalse;2019-11-28 21:21:41;systemUnknown
1822;git;command;how to add and commit;"git commit -am ""changed header""";;;;;2.5;;testing;2019-11-29 04:19:54;1;;0;howToAddAndCommit_gitCommitAmChangedHeader;2019-11-28 17:28:16;systemUnknown
1826;git;command;"how to see if there is anything to push *(if nothing, then ""Everything up-to-date"")*";git push --dry-run;;;;;4.41;;learned;2020-05-06 07:42:15;6;2020-05-06 07:42:15;1;howToSeeIfThereIsAnythingToPush_gitPushDryRun;2019-11-29 04:19:14;systemUnknown
1835;vi;command;how to change the word your cursor is on;cw (change word) or ciw (change inner word);;;;;4.82;;learned;2020-05-04 10:32:05;3;2020-05-04 10:32:05;1;howToChangeTheWordYourCursorIsOn_cwChangeWordOrCiwChangeInnerWord;2019-11-29 07:46:28;systemUnknown
1899;vi;command;how to duplicate line;yy p;;;;;3.9;;learned;2020-05-06 05:55:38;4;2020-05-06 05:55:38;1;howToDuplicateLine_yyP;2019-11-29 10:57:01;systemUnknown
1928;git;command;"how to list all commits as ""hash - date - title - author""";"git log --pretty=format:""%h - %ci - %s - %an""";;;;;4.5;;learned;2020-05-07 20:50:49;7;2020-05-07 20:50:49;1;howToListAllCommitsWithDateAndAuthor_gitLogPrettyformathCiSAn;2019-12-05 04:10:53;systemUnknown
2649;sqlite;command;show list of all used categories in order, then with totals;``` only categories: `select DISTINCT trim(category) from flashcards order by category`, with totals: `select category, count(*) as total from flashcards group by category order by total desc`;;;;;4.27;;learned;2020-06-08 05:59:18;9;2020-06-08 05:59:18;1;showListOfAllUsedCategoriesInOrder_selectDISTINCTTrimcategoryFromFlashcardsOrderByCategory;2020-04-27 14:17:55;systemUnknown
2650;sqlite;command;show all where category is one of three values;select * from flashcards where category in ('linux', 'git', 'javascript');;;;;3.95;;learned;2020-05-04 09:00:21;2;2020-05-04 09:00:21;1;showAllWhereCategoryIsOneOfThreeValues_selectFromFlashcardsWhereCategoryInLinuxGitJavascript;2020-04-27 14:17:55;systemUnknown
2651;git;command;how to add all changes from working directory to index;git add -A;;;;;4.29;;learned;2020-05-13 07:53:26;4;2020-05-13 07:53:26;1;howToAddAllChangesFromWorkingDirectoryToIndex_gitAddA;2020-04-27 17:27:28;systemUnknown
2652;git;command;list abbreviated log;git log --online;;;;;3.36;;testing;2020-05-04 05:34:45;1;;0;listAbbreviatedLog_gitLogOnline;2020-04-27 17:27:28;systemUnknown
2653;git;command;how to undo a commit;git log --oneline **then** git revert 068b100;;;;;4.64;;learned;2020-05-04 09:09:19;2;2020-05-04 09:09:19;1;howToUndoACommit_gitLogOnlineThenGitRevert68b1;2020-04-27 17:27:28;systemUnknown
2654;npm;command;how to find which packages need to be updated;npm outdated;;;;;2.93;;testing;2020-05-04 08:44:59;1;;0;howToFindWhichPackagesNeedToBeUpdated_npmOutdated;2020-04-27 17:27:28;systemUnknown
2655;git;command;how to push local branch to remote;git push -u origin et/bugfix/clean-up-code-copy-box;;;;;3.24;;testing;2020-05-04 08:46:16;1;;0;howToPushLocalBranchToRemote_gitPushUOriginEtbugfixcleanUpCodeCopyBox;2020-04-27 17:27:28;systemUnknown
2656;git;command;how to change git editor for commits;"git config --global core.editor ""nano"" **(or ""vim"")**";;;;;3.19;;testing;2020-05-04 08:46:45;1;;0;howToChangeGitEditorForCommits_gitConfigGlobalCoreeditorNanoOrVim;2020-04-27 17:27:28;systemUnknown
2657;git;command;only show the last commit;git log -1;;;;;3.43;;testing;2020-05-04 08:47:01;1;;0;onlyShowTheLastCommit_gitLog1;2020-04-27 17:27:28;systemUnknown
2658;git;command;how to discard changes to a file in working directory	;git checkout -- index.html;;;;;2.5;;testing;2020-05-04 08:48:04;1;;0;howToDiscardChangesToAFileInWorkingDirectory_gitCheckoutIndexhtml;2020-04-27 17:27:28;systemUnknown
2659;git;command;how to mark a file as deleted in the index ;git rm --cached index.html													;;;;;3.38;;testing;2020-05-04 08:53:09;1;;0;howToGetAFileBackFromIndexToWorkingDirectory_gitRmCachedIndexhtml;2020-04-28 16:25:12;systemUnknown
2660;git;command;how to see all files in working directory that are not being tracked yet;git ls-files --others --exclude-standard;;;;;1.88;;testing;2020-06-08 05:20:20;2;;0;howToSeeAllFilesInWorkingDirectoryThatAreNotBeingTrackedYet_gitLsFilesOthersExcludeStandard;2020-04-28 16:25:12;systemUnknown
2661;gimp;shortcut;toggle between two zooms;back-tick key;;;;;2.5;;new;;0;;0;toggleBetweenTwoZooms_backTickKey;2020-05-04 11:10:56;systemUnknown
2662;gimp;shortcut;fit image in window;ctrl-shift-j;;;;;2.5;;new;;0;;0;fitImageInWindow_ctrlShiftJ;2020-05-04 11:14:09;systemUnknown
2663;gimp;shortcut;deselect selection;ctrl-shift-a;;;;;2.5;;new;;0;;0;deselectSelection_ctrlShiftA;2020-05-04 11:14:09;systemUnknown
2664;gimp;shortcut;open file;double-click in main window area;;;;;2.5;;new;;0;;0;openFile_doubleClickInMainWindowArea;2020-05-04 16:11:00;systemUnknown
2665;git;command;how to set the GitHub repository for a new local directory;git remote add origin https://github.com/edwardtanguay/nodeExpress4.git && git push -u origin master;;;;;5;;learned;2020-05-06 06:54:18;3;2020-05-06 06:54:18;1;howToSetTheGitHubRepositoryForANewLocalDirectory_gitRemoteAddOriginHttpsgithubcomedwardtanguaynodeExpress4gitGitPushUOriginMaster;2020-05-04 16:11:00;systemUnknown
2666;git;command;how to reset all tracked files in workspace back;git checkout -- .;;;;;4.9;;learned;2020-05-07 20:49:29;5;2020-05-07 20:49:29;1;howToResetAllTrackedFilesInWorkspaceBack_gitCheckout;2020-05-04 16:11:00;systemUnknown
2667;git;command;how to clone a branch of a GitHub repository;git clone -b 001-two-page-base-functionality https://github.com/edwardtanguay/eleventy4.git eleventy001;;;;;4.71;;learned;2020-05-06 08:23:26;3;2020-05-06 08:23:26;1;howToCloneABranchOfAGitHubRepository_gitCloneB1TwoPageBaseFunctionalityHttpsgithubcomedwardtanguayeleventy4gitEleventy1;2020-05-04 16:11:00;systemUnknown
2668;git;command;how to see what files I am about to push;git diff --stat --cached origin/master;;;;;5;;learned;2020-05-13 03:57:47;8;2020-05-13 03:57:47;1;howToSeeWhatFilesIAmAboutToPush_gitDiffStatCachedOriginmaster;2020-05-04 16:11:00;systemUnknown
2669;git ;command;how to get the latest changes from master into your branch;git merge origin/master;;;;;2.5;;new;;0;;0;howToGetTheLatestChangesFromMasterIntoYourBranch_gitMergeOriginmaster;2020-05-04 16:11:00;systemUnknown
2670;linux;command;how to find out what an alias is mapped to;type ll;;;;;2.5;;removed;;0;;0;howToFindOutWhatAnAliasIsMappedTo_typeLl;2020-05-04 16:11:00;systemUnknown
2671;git;command;how to remove untracked files and directories in working directory, e.g. a whole bunch of log files and test directories that you created but don't want to add to the repository;git clean -fd  >>> (f = force, d = directories);;;;;3.04;;testing;2020-05-04 10:59:39;1;;0;howToRemoveUntrackedFilesInWorkingDirectoryEgAWholeBunchOfLogFilesYouCreatedButDontWantToAddToTheRepository_gitCleanFd;2020-05-04 16:11:00;systemUnknown
2672;browsersync;commands;how to browse through directory and start HTML websites on port;browser-sync start -s --directory --files=*/**;;;;;2.5;;new;;0;;0;howToBrowseThroughDirectoryAndStartHTMLWebsitesOnPort_browserSyncStartSDirectoryFiles;2020-05-04 16:11:00;systemUnknown
2673;dev;tool;how to install local http server;``` `npm i http-server -g` (global) then e.g. `http-server -p 3333` and `localhost:3333` will use `index.html`  as default;;;;;4.92;;learned;2020-06-03 05:33:06;2;2020-06-03 05:33:06;1;howToInstallLocalHttpServer_npmInstallHttpServerGThenEgHttpServerP3333;2020-05-04 16:11:00;systemUnknown
2674;linux ;command;how to make command executable, and remove it;chmod u+x doit (chmod u-x doit);;;;;2.5;;new;;0;;0;howToMakeCommandExecutableAndRemoveIt_chmodUxDoitChmodUXDoit;2020-05-04 16:11:00;systemUnknown
2676;git;command;how to send just one changed file from working directory all the way to local repository;"git commit *todo.txt -m ""small changes to todo file""";;;;;3.29;;testing;2020-05-04 12:47:35;1;;0;howToSendJustOneChangedFileFromWorkingDirectoryAllToLocalRepository_gitCommitTodotxtMSmallChangesToTodoFile;2020-05-04 16:11:00;systemUnknown
2677;webdev;tool;program that shows keys you are typing for tutorials and workshops;ODS Hot Keys;;;;;2.5;;new;;0;;0;programThatShowsKeysYouAreTypingForTutorialsAndWorkshops_oDSHotKeys;2020-05-04 16:11:00;systemUnknown
2678;emmet;command;how to produce filler text in a paragraph element;p>lorem;;;;;2.5;;new;;0;;0;howToProduceFillerTextInAParagraphElement_plorem;2020-05-04 16:11:00;systemUnknown
2679;webpack;info;what does the style-loader do?;injects css into head of the DOM;;;;;2.5;;new;;0;;0;whatDoesTheStyleLoaderDo_injectsCssIntoHeadOfTheDOM;2020-05-04 16:11:00;systemUnknown
2680;linux;command;"find all files in `systemItems` which have the text ""ver"" in them";"find systemItems -iname ""*ver*""";;;;;4.82;;learned;2020-05-06 08:57:35;4;2020-05-06 08:57:35;1;findAllFilesInSystemItemsWhichHaveTheTextVerInThem_findSystemItemsInameVer;2020-05-04 16:16:36;systemUnknown
2681;linux;command;find all empty files in (1) *all recursive files* and (2) in *certain directory*;``` `find . -empty` and for specific directory: `find ./dev -empty` (notice `./`);;;;;4.3;;learned;2020-06-08 05:47:33;9;2020-06-08 05:47:33;1;findAllEmptyFiles_findEmpty;2020-05-04 16:27:09;systemUnknown
2682;linux;command;"find all JavaScript files that have the word ""array"" in them";" find . -iname ""*array*""";;;;;4.69;;learned;2020-05-13 05:56:51;6;2020-05-13 05:56:51;1;findAllJavaScriptFilesThatHaveTheWordArrayInThem_findGrepIArrayjs;2020-05-04 19:19:43;systemUnknown
2683;linux;command;"create a file listing all JavaScript files that have the word ""item"" in the name EXCEPT in the `node_modules` directory";"find . -name ""*"" -not -path ""./node_modules/*"" | grep -i "".*item.*\.js$"" > text.txt	";;;;;4.91;;removed;2020-05-07 20:48:54;5;;0;findAllJavaScriptFilesThatHaveTheWordItemInTheNameEXCEPTInTheNodemodulesDirectory_findNameNotPathNodemodulesGrepIItemjsTexttxt;2020-05-04 19:19:43;systemUnknown
2684;linux;command;"find all files with ""parse"" in the name EXCEPT in the directory `node_modules`";"find . -iname ""*parse*"" -not -path ""./node_modules/*""";;;;;4.85;;learned;2020-05-06 07:17:37;2;2020-05-06 07:17:37;1;findAllFilesWithParseInTheNameEXCEPTInTheDirectoryNodemodules_findInameParseNotPathNodemodules;2020-05-04 19:19:43;systemUnknown
2685;git;command;how to get the remote GitHub fetch/pull URL of a local repository;``` `git remote -v` (-v is for verbose);;;;;4.7;;learned;2020-06-05 08:42:22;7;2020-06-05 08:42:22;1;howToGetTheRemoteGitHubFetchURLOfALocalRepository_gitRemoteV;2020-05-05 07:46:35;systemUnknown
2686;gimp;shortcut;rectangle tool;r;;;;;2.5;;new;;0;;0;rectangleTool_r;2020-05-05 07:46:35;systemUnknown
2687;gimp;shortcut;unselect everything;ctrl-shift-a;;;;;2.5;;new;;0;;0;unselectEverything_ctrlShiftA;2020-05-05 07:46:35;systemUnknown
2688;npm;command;how to uninstall an npm package, e.g. `babel-node`;npm un babel-node;;;;;4.19;;learned;2020-06-08 06:00:27;6;2020-06-08 06:00:27;1;howToUninstallAPackage_npmUnBabelNode;2020-05-05 07:46:35;systemUnknown
2689;git;command;merge branch you are working on back into master;git checkout master && git merge et/feat/new-checkbox && git branch -d et/feat/new-checkbox;;;;;4.79;;learned;2020-06-08 05:47:03;6;2020-06-08 05:47:03;1;gitMergeEtfeatnewCheckbox_;2020-05-05 17:20:37;systemUnknown
2690;git;command;make new branch;``` `git checkout -b et/feat/new-checkbox` (-b = new branch);;;;;4.46;;learned;2020-05-07 20:51:12;4;2020-05-07 20:51:12;1;gitCheckoutBEtfeatnewCheckbox_;2020-05-05 17:20:37;systemUnknown
2691;git;command;how to delete a local branch;git branch -d et/bugfix/clean-up-code-copy-box;;;;;4.42;;learned;2020-05-06 07:42:00;2;2020-05-06 07:42:00;1;gitBranchDEtbugfixcleanUpCodeCopyBox_;2020-05-05 17:20:37;systemUnknown
2692;git;command;show all branches, local and remote;git branch -a;;;;;4.47;;learned;2020-05-06 07:41:28;2;2020-05-06 07:41:28;1;gitBranchA_;2020-05-05 17:20:37;systemUnknown
2693;browsersync;command;what is the basic command to start browser-sync;"browser-sync start -s -f ""**/*""";;;;;2.5;;new;;0;;0;browserSyncStartServerFiles_;2020-05-06 09:09:04;systemUnknown
2694;node;clarification;what does the ampersand in `import Component from '@/components/component'` mean;it means from the root of the project and avoids you having to write things like: import Component from '../../../../components/component';;;;;2.5;;new;;0;;0;whatDoesTheAmpersandInImportComponentFromComponentscomponentMean_itMeansFromTheRootOfTheProjectAndAvoidsYouHavingToWriteThingsLikeImportComponentFromComponentscomponent;2020-05-06 09:09:04;systemUnknown
2695;gimp;shortcut;ellipse select tool;e;;;;;2.5;;new;;0;;0;ellipseSelectTool_e;2020-05-06 09:09:04;systemUnknown
2696;css;explanation;"what does `@import 'custom.css';` mean";is used to import style rules from other style sheets;;;;;2.5;;new;;0;;0;whatDoesImportCustomcssMean_isUsedToImportStyleRulesFromOtherStyleSheets;2020-05-06 09:09:04;systemUnknown
2697;browsersync;syntax;"what do the double asterisks in `--files ""/assets/**/*.*""` mean";any file with any extension in any subdirectory, including the current one;;;;;2.5;;new;;0;;0;whatDoTheDoubleAsterisksInFilesAssetsMean_anyFileWithAnyExtensionInAnySubdirectoryIncludingTheCurrentOne;2020-05-06 11:49:29;systemUnknown
2698;browsersync;command;how to start browser-sync with a config file after you run `browser-sync init`;browser-sync start --config bs-config.js;;;;;2.5;;new;;0;;0;howToStartBrowserSyncWithAConfigFileAfterYouRunBrowserSyncInit_browserSyncStartConfigBsConfigjs;2020-05-06 11:49:29;systemUnknown
2699;browsersync;command;"how to specific the main file as ""index.htm""";"browser-sync start --server --files ""**/*"" --index ""index.htm""";;;;;2.5;;new;;0;;0;howToSpecificTheMainFileAsIndexhtm_browserSyncStartServerFilesIndexIndexhtm;2020-05-06 11:49:29;systemUnknown
2700;git;command;delete a remote branch that still shows with `git branch -a` but doesn't actually exist;git remote prune origin;;;;;3.22;;testing;2020-05-06 06:33:34;1;;0;deleteARemoteBranchThatStillShowsWithGitBranchAButDoesntActuallyExist_gitRemotePruneOrigin;2020-05-06 11:49:29;systemUnknown
2701;git;command;get the name of the commit that is about to be pushed;git log --oneline -1;;;;;4.53;;learned;2020-05-13 06:00:12;2;2020-05-13 06:00:12;1;getTheNameOfTheCommitThatIsAboutToBePushed_gitLogOneline1;2020-05-06 16:45:41;systemUnknown
2702;git;command;find all JavaScript files in any directory except for `node_modules`;"find . -iname ""*.js"" -not -path ""./node_modules/*""";;;;;4.97;;learned;2020-05-12 07:09:55;3;2020-05-12 07:09:55;1;smallerCommandToFindAllJavaScriptFilesInAnyDirectoryExceptForNodemodules_findInameItemjsNotPathNodemodules;2020-05-06 16:45:41;systemUnknown
2703;git;command;how to completely reset working directory, e.g. all new and tracked files;git clean -df && git checkout -- .;;;;;4.94;;learned;2020-05-13 04:20:50;2;2020-05-13 04:20:50;1;howToCompletelyResetWorkingDirectoryEgAllNewAndTrackedFiles_gitCleanDfGitCheckout;2020-05-06 16:45:41;systemUnknown
2704;vi;command;swap words;dwwP;;;;;4.36;;learned;2020-05-13 07:47:35;2;2020-05-13 07:47:35;1;swapWords_dwwP;2020-05-06 16:45:41;systemUnknown
2705;gimp;shortcut;how to hide all other layers but one;SHIFT-eye;;;;;2.5;;new;;0;;0;howToHideAllOtherLayersButOne_sHIFTEye;2020-05-07 17:28:34;systemUnknown
2706;gimp;shortcut;lasso tool;f;;;;;2.5;;new;;0;;0;lassoTool_f;2020-05-07 17:28:34;systemUnknown
2707;npm;command;see which global packages are installed;npm list -g --depth=0;;;;;4.99;;learned;2020-05-12 05:59:57;2;2020-05-12 05:59:57;1;seeWhichGlobalPackagesAreInstalled_npmListGDepth;2020-05-08 02:46:46;systemUnknown
2708;windows;keyboard;ALT-number for asterisk;ALT-42;;;;;2.5;;new;;0;;0;alt 42_;2020-05-10 16:50:41;systemUnknown
2709;gimp;tip;merge all layers into new layer;Layer > New From Visible;;;;;2.5;;new;;0;;0;mergeAllLayersIntoNewLayer_layerNewFromVisible;2020-05-10 16:50:41;systemUnknown
2710;gimp;shortcut;create new layer;ctrl-shift-n;;;;;2.5;;new;;0;;0;createNewLayer_ctrlShiftN;2020-05-10 16:50:41;systemUnknown
2711;vscode;tip;how to see release notes again;SHIFT-CTRL-P code: show release notes;;;;;2.5;;new;;0;;0;howToSeeReleaseNotesAgain_sHIFTCTRLPCodeShowReleaseNotes;2020-05-10 16:50:41;systemUnknown
2712;npm;command;how to uninstall a global package;npm uninstall -g create-react-app;;;;;4.68;;learned;2020-05-13 05:57:06;2;2020-05-13 05:57:06;1;howToUninstallAGlobalPackage_npmUninstallGCreateReactApp;2020-05-10 16:50:41;systemUnknown
2713;vscode;feature;how to enable mouse wheel to switch tabs;ctrl-, scrollToSwitchTabs;;;;;2.5;;new;;0;;0;howToEnableMouseWheelToSwitchTabs_ctrlScrollToSwitchTabs;2020-05-10 16:50:41;systemUnknown
2714;react;command;how to install create-react-app with classes instead of functions;create-react-app my-app --scripts-version react-scripts@^2;;;;;2.5;;new;;0;;0;howToInstallCreateReactAppWithClassesInsteadOfFunctions_createReactAppMyAppScriptsVersionReactScripts2;2020-05-10 16:50:41;systemUnknown
2715;gimp;tip;if your menus disappear;edit > preferences > windows management > reset;;;;;2.5;;new;;0;;0;ifYourMenusDisappear_editPreferencesWindowsManagementReset;2020-05-10 16:50:41;systemUnknown
2716;linux;command;"list *only files* or *only directories* that begin with ""q"" EXCEPT FOR those in `node_modules`";"``` for directories: `find . -type d -iname ""q*"" -not -path ""./node_modules/*""`, and for files: `find . -type f -iname ""q*"" -not -path ""./node_modules/*""`";;;;;4.61;;learned;2020-05-15 04:21:59;8;2020-05-15 04:21:59;1;listAllFilesAndDirectoriesThatBeginWithR_lsDR;2020-05-10 16:50:41;systemUnknown
2717;gimp;howto;reduce the layer size to the content of what you drew;select layer > layer > crop to content;;;;;2.5;;new;;0;;0;reduceTheLayerSizeToTheContentOfWhatYouDrew_selectLayerLayerCropToContent;2020-05-10 16:50:41;systemUnknown
2718;bootstrap;tip;thick buttons as menu buttons;"<ul class=""nav nav-pills"">
    <li class=""nav-item"">
      <a class=""nav-link active"" href=""#"">Active</a>
    </li>
    <li class=""nav-item"">
      <a class=""nav-link"" href=""#"">Link</a>
    </li>
</ul>";;;;;4.77;;testing;2020-08-10 04:33:38;2;;0;responsibleMenu_ulClassnavNavPillsFlexColumnFlexMdRow;2020-05-10 16:50:41;systemUnknown
2719;gimp;tip;save content of layer at image;select layer > layer > crop to content > ctrl-c > ctrl-shift-v > ctrl-e;;;;;2.5;;new;;0;;0;saveContentOfLayerAtImage_selectLayerLayerCropToContentCtrlCCtrlShiftVCtrlE;2020-05-10 16:50:41;systemUnknown
2720;npm;tip;"what to do if you get the error ""Maximum call stack size exceeded on npm install""";npm cache clean --force;;;;;3.79;;testing;2020-08-05 04:58:36;6;;0;whatToDoIfYouGetTheErrorMaximumCallStackSizeExceededOnNpmInstall_npmCacheCleanForce;2020-05-10 16:50:41;systemUnknown
2721;sqlite;command;how to get how many records in each category;select category, count(*) as total from flashcards group by category order by total desc;;;;;4.99;;learned;2020-05-12 06:08:34;2;2020-05-12 06:08:34;1;howToGetHowManyRecordsInEachCategory_selectCategoryCountAsTotalFromFlashcardsGroupByCategoryOrderByTotalDesc;2020-05-10 19:02:18;systemUnknown
2722;npm;command;how to fix problems when e.g. sqlite3 can't be found ;npm update;;;;;4.14;;learned;2020-05-19 04:07:04;3;2020-05-19 04:07:04;1;npmUpdate_;2020-05-11 05:17:28;systemUnknown
2723;css;command;how to make it so that the user can't select text;"user-select: none;";;;;;2.5;;new;;0;;0;howToMakeItSoThatTheUserCantSelectText_userSelectNone;2020-05-12 11:59:07;systemUnknown
2724;git;command;how to see the name of commit and its files that are about to be pushed;git log --oneline -1 && git diff --stat --cached origin/master;;;;;5;;learned;2020-05-12 07:09:17;2;2020-05-12 07:09:17;1;howToSeeTheNameOfCommitAndItsFilesThatAreAboutToBePushed_gitLogOneline1GitDiffStatCachedOriginmaster;2020-05-12 11:59:07;systemUnknown
2725;linux;command;"create file listing all files with ""item"" in the name, but not in node_modules";"find . -iname ""*item*.js"" ! -path ""./node_modules/*"" > itemFiles.txt";;;;;4.91;;learned;2020-05-20 09:32:33;3;2020-05-20 09:32:33;1;createFileListingAllFilesWithItemInTheNameButNotInNodemodules_findInameItemjsNotPathNodemodulesItemFilestxt;2020-05-13 11:02:17;systemUnknown
2726;git;command;how to pull the file `testItemFiles.txt` back from staged to workspace;git reset HEAD testItemFiles.txt;;;;;4.43;;learned;2020-05-18 10:21:19;4;2020-05-18 10:21:19;1;howToPullOneFileBackFromStagedToUnstaged_gitResetHEADTestItemFilestxt;2020-05-13 15:44:15;systemUnknown
2727;git;command;how to see what files are staged;git status;;;;;4.47;;learned;2020-05-15 04:22:25;2;2020-05-15 04:22:25;1;howToSeeWhatFileAreStaged_gitStatus;2020-05-13 15:44:15;systemUnknown
2728;linux;command;how to stop process;``` `pkill -x node` (-x means to match name exactly);;;;;4.53;;learned;2020-05-18 04:36:40;4;2020-05-18 04:36:40;1;howToStopProcess_pkillXNodeXMeansToMatchNameExactly;2020-05-14 06:13:51;systemUnknown
2729;git;command;see what changes will be coming on next pull;``` `git diff origin/master` (it will also show local changed, i.e. the difference between local workspace and github apparently);;;;;4.3;;testing;2020-08-06 07:06:04;8;;0;seeWhatChangesWillBeComingOnNextPull_gitDiffOriginmaster;2020-05-14 06:13:51;systemUnknown
2730;linux;command;find all directories except for those in `node_modules` and `.git`;"find . -type d ! -path ""./node_modules/*"" ! -path ""./.git/*""";;;;;4.71;;learned;2020-05-18 04:13:30;2;2020-05-18 04:13:30;1;findAllDirectoriesExceptForThoseInNodemodulesAndGit_findTypeDPathNodemodulesPathGit;2020-05-14 10:28:38;systemUnknown
2731;css;command;grid with three boxes, 100px then half/half of rest, and the row 200px high;"```	`grid-template-columns: 100px 1fr 1fr;` AND `grid-template-rows: 200px;`";;;;;2.5;;new;;0;;0;gridWithThreeBoxes1pxThenHalfhalfOfRestAndTheRow2pxHigh_gridTemplateColumns1px1fr1frANDGridTemplateRows2px;2020-05-14 23:17:24;systemUnknown
2732;css;command;grid with three boxes, 100px then 1:3 but second column may not be smaller than 100px;"grid-template-columns: 100px minmax(100px, 1fr) 3fr;";;;;;2.5;;new;;0;;0;gridWithThreeBoxes1pxThen13ButSecondColumnMayNotBeSmallerThan1px_gridTemplateColumns1pxMinmax1px1fr3fr;2020-05-14 23:17:25;systemUnknown
2733;git;command;how to clone a respository at a certain commit;``` `git clone [URL] mytest`, go to directory, `git reset --hard [HASH]`;;;;;4.02;;learned;2020-06-08 06:01:20;4;2020-06-08 06:01:20;1;howToCloneARespositoryAtACertainCommit_gitCloneURLMytestTHENGitResetHardHASH;2020-05-15 00:20:47;systemUnknown
2734;gimp;shortcut;link all layers;shift-click a link checkbox;;;;;2.5;;new;;0;;0;linkAllLayers_shiftClickALinkCheckbox;2020-05-15 00:38:32;systemUnknown
2735;gimp;shortcut;scale tool;shift-s;;;;;2.5;;new;;0;;0;scaleTool_shiftS;2020-05-15 00:38:32;systemUnknown
2736;react;command;create react app with npm;npx create-react-app reactfull --use-npm;;;;;2.5;;new;;0;;0;createReactAppWithNpm_npxCreateReactAppReactfullUseNpm;2020-05-15 08:00:09;systemUnknown
2737;css;command;base formating for a grid;"display: grid; grid-gap: 10px; padding: 10px; grid-row-gap, grid-column-gap";;;;;2.5;;new;;0;;0;baseFormatingForAGrid_displayGridGridGap1pxPadding1pxGridRowGapGridColumnGap;2020-05-15 19:49:49;systemUnknown
2739;bootstrap;class;move menu items in navbar to the right;"<ul class=""navbar-nav ml-auto"">";;;;;4.18;;testing;2020-08-06 07:40:56;1;;0;moveMenuItemsInNavbarToTheRight_ulClassnavbarNavMlAuto;2020-05-16 12:48:19;systemUnknown
2740;vi;command;search and replace in whole file;%s/n49/n29/g;;;;;5;;learned;2020-05-18 04:36:26;2;2020-05-18 04:36:26;1;searchAndReplaceInWholeFile_sn49n29g;2020-05-16 14:44:14;systemUnknown
2741;gimp;task;make specific color darker;select-by-color tool (shift-o), click, colors, hue-saturation, lightness;;;;;2.5;;new;;0;;0;makeSpecificColorDarker_selectByColorToolShiftOClickColorsHueSaturationLightness;2020-05-16 16:36:58;systemUnknown
2742;gimp;shortcut;scissor select;i;;;;;2.5;;new;;0;;0;scissorSelect_i;2020-05-16 16:36:59;systemUnknown
2743;vscode;extension;how to more easily identify which brackets are matched in code;Bracket Pair Colorizer 2;;;;;2.5;;new;;0;;0;howToMoreEasilyIdentifyWhichBracketsAreMatchedInCode_bracketPairColorizer2;2020-05-16 22:24:44;systemUnknown
2744;vscode;setting;how to align attributes under each other;"settings > ""html attribute"" > forced-aligned";;;;;2.5;;new;;0;;0;howToAlignAttributesUnderEachOther_settingsHtmlAttributeForcedAligned;2020-05-16 22:24:44;systemUnknown
2745;node;command;how to start express site with babel;npx babel-node src/server.js;;;;;2.5;;new;;0;;0;howToStartExpressSiteWithBabel_npxBabelNodeSrcserverjs;2020-05-18 00:03:20;systemUnknown
2746;git;command;how to undo changes in `qstr.js` file that is now in the workspace;``` `git reset -- */qstr.js` (note that `checkout ` doesn't always work);;;;;5.0;;learned;2020-05-18 08:57:07;2;2020-05-18 08:57:07;1;howToUndoChangesInQstrjsFileThatIsNowInTheWorkspace_gitCheckoutQstrjs;2020-05-18 10:35:50;systemUnknown
2747;git;command;remove the file `test444.txt` that you created in the workspace (e.g. you could also just `rm` it);git clean -f test444.txt;;;;;3.37;;testing;2020-05-18 08:42:33;1;;0;removeAFileThatYouCreatedInTheWorkspaceYouCouldAlsoJustRmIt_gitCleanFTest444txt;2020-05-18 11:00:17;systemUnknown
2748;git;command;quick store away (no name) all files in workspace and staging area, both newly created or already in Git;git stash --include-untracked ;;;;;3.8;;learned;2020-06-08 04:34:23;2;2020-06-08 04:34:23;1;quickStoreAwayAllFilesInWorkspaceAndStagingAreaBothNewlyCreatedOrAlreadyInGit_gitStashIncludeUntracked;2020-05-18 16:18:10;systemUnknown
2749;git;command;temporarily store all changes out of the way to `upload_change_half_done`, list, see files, and restore;"``` `git stash push --include-untracked -m ""upload_change_half_done""` (`git stash save ...` is deprecated), `git stash list`, `git show stash@{1}`, `git show stash@{1}^2`, `git show stash@{1}^3`, `git pop stash@{1}`, `git drop stash@{2}`";;;;;5;;learned;2020-07-29 03:46:23;16;2020-07-29 03:46:23;1;temporarilyStoreAllChangesOutOfTheWayToUploadchangehalfdoneListSeeFilesAndRestore_gitStashPushIncludeUntrackedMUploadchangehalfdoneGitStashSaveIsDeprecatedGitStashListGitShowStash1GitShowStash12GitShowStash13GitPopStash1;2020-05-18 16:18:10;systemUnknown
2750;general;fact;two functional languages from 80s and 90s;Miranda and Haskell;;;;;2.5;;new;;0;;0;twoFunctionalLanguagesFrom8sAnd9s_mirandaAndHaskell;2020-05-18 17:26:16;systemUnknown
2751;javascript ;command;"define the two variables ""name"" and ""text"" from body ""req.body""";"const { name, text } = req.body;";;;;;2.5;;new;;0;;0;defineTheTwoVariablesNameAndTextFromBodyReqbody_constNameTextReqbody;2020-05-18 20:27:23;systemUnknown
2752;linux;command;create file of all `.js` and `.ejs` files recursively except in `node_modules` and `.git`;"``` `find . ! -path ""./node_modules/*"" ! -path ""./.git/*"" | grep -P ""\.e?js$"" > files.txt` (`-P` means to interpret as Perl regular expression, egrep gets an error)";;;;;3.7;;testing;2020-07-29 04:43:08;4;;0;createFileOfAllJsAndEjsFilesRecursivelyExceptInNodemodules_findPathNodemodulesGrepPEjsFiletxtPMeansToInterpretAsPerlRegularExpression;2020-05-19 10:26:09;systemUnknown
2753;linux;command;how to create a quick multi-line file called `text.txt`;``` `cat > test.txt` and CTRL-C to save;;;;;4.44;;learned;2020-06-05 08:43:08;3;2020-06-05 08:43:08;1;howToCreateAQuickMultiLineFileCalledTexttxt_catTesttxtAndCTRLCToSave;2020-05-20 23:15:18;systemUnknown
2754;git;command;get list of commits at the end of January;"git log --pretty=format:""%h %ci %s"" --before=""2020-02-01""";;;;;3.37;;testing;2020-06-03 03:09:05;1;;0;getListOfCommitsAtTheEndOfJanuary_gitLogPrettyformathCiSBefore2221;2020-05-20 23:15:18;systemUnknown
2755;dev;term;what language is django written in and what are two large projects;``` python, instagram, bitbucket;;;;;2.85;;testing;2020-06-03 03:09:31;1;;0;whatLanguageIsDjangoWrittenInAndWhatAreTwoLargeProjects_pythonInstagramBitbucket;2020-05-20 23:15:18;systemUnknown
2756;dev;tools;two Python GUI toolkits;Tkinter (standard) and PyQt (more professional);;;;;3.98;;learned;2020-06-08 06:01:46;4;2020-06-08 06:01:46;1;twoPythonGUIToolkits_tkinterStandardAndPyQtMoreProfessional;2020-05-20 23:55:04;systemUnknown
2757;python;history;cross-platform set of Python modules designed for writing video games, and when created;``` Pygame, 2000;;;;;2.5;;new;;0;;0;crossPlatformSetOfPythonModulesDesignedForWritingVideoGamesAndWhenCreated_pygame2;2020-05-21 13:08:55;systemUnknown
2758;python;history;three languages that python aimed to replace;``` **MATLAB** (1984, payware, training from 2018) which influenced: **Octave** (1988, free) and **Scilab** (1990, free, French);;;;;2.5;;new;;0;;0;threeLanguagesThatPythonAimedToReplace_mATLAB1984PaywareTrainingFrom218WhichInfluencedOctave1988FreeAndScilab199FreeFrench;2020-05-21 13:08:55;systemUnknown
2759;python;term;package index website;https://pypi.org;;;;;2.5;;new;;0;;0;packageIndexWebsite_httpspypiorg;2020-05-21 13:08:55;systemUnknown
2760;git ;command;how to get detailed information on a commit in the past, e.g. after you show all commits at the end of January;git show 3fbb5d4;;;;;2.5;;new;;0;;0;howToGetDetailedInformationOnACommitInThePastEgAfterYouShowAllCommitsAtTheEndOfJanuary_gitShow3fbb5d4;2020-05-22 10:49:19;systemUnknown
2761;vscode;shortcut;how to type the same code in two places at once;hold down ALT, click on each place, and type;;;;;2.5;;new;;0;;0;howToTypeTheSameCodeInTwoPlacesAtOnce_holdDownALTClickOnEachPlaceAndType;2020-05-26 22:40:56;systemUnknown
2762;react;fact;what can replace the need for Redux entirely;GraphQL;;;;;2.5;;new;;0;;0;whatCanReplaceTheNeedForReduxEntirely_graphQL;2020-06-05 07:23:56;systemUnknown
2763;people;fact;"what company does Yukihiro ""Matz"" Matsumoto work for";Heroku (Salesforce), Chief Architect Ruby;;;;;2.5;;new;;0;;0;whatCompanyDoesYukihiroMatzMatsumotoWorkFor_herokuSalesforceChiefArchitectRuby;2020-06-05 21:45:15;systemUnknown
2764;emmet;shortcut;a ul with 10 li elements that have a lorem ipsum of 20 words each;ul>lorem20*10;;;;;2.5;;new;;0;;0;aUlWith1LiElementsThatHaveALoremIpsumOf2WordsEach_ullorem21;2020-06-06 00:11:20;systemUnknown
2765;javascript;tip;how to get a copy of an array e.g. numbers;numbers.slice();;;;;3.02;;testing;2020-06-23 06:02:43;1;;0;howToGetACopyOfAnArrayEgNumbers_numbersslice;2020-06-12 17:36:04;systemUnknown
2766;javascript;code;how to sort integers;"numbers.sort( (a,b) => a - b);";;;;;4.41;;learned;2020-07-01 06:17:51;3;2020-07-01 06:17:51;1;howToSortIntegers_numberssortAbAB;2020-06-15 17:46:55;systemUnknown
2767;javascript;code;how to sort array of numbers non-mutating to new array;"const newNumbers = numbers.slice().sort( (a,b) => a - b);";;;;;3.22;;testing;2020-06-23 06:51:33;1;;0;howToSortArrayOfNumbersNonMutatingToNewArray_constNewNumbersNumbersslicesortAbAB;2020-06-15 18:03:02;systemUnknown
2768;emmet;code;ul with 10 li elements with sample text	;ul>li*10>lorem;;;;;2.5;;new;;0;;0;ulWith1LiElementsWithSampleText_ulli1lorem;2020-06-16 05:19:21;systemUnknown
2769;javascript;fact;five languages that compile to JavaScript;Scala, Elm, ClojureScript, PureScript, ReasonML;;;;;3;;testing;2020-06-26 03:48:45;1;;0;fourLanguagesThatCompileToJavaScript_scalaElmClojureScriptPureScript;2020-06-23 12:00:51;systemUnknown
2770;JavaScript;skill;how to reverse the digits in a number?;"return Number(String(x).split('').reverse().join(''));";;;;;2.5;;new;;0;;0;howToReverseTheDigitsInANumber_returnNumberStringxsplitreversejoin;2020-06-23 15:52:25;systemUnknown
2771;javascript;skill;how to pad a number with zeros as a string;"String(""00000"" + count).slice(-5);";;;;;3.6;;testing;2020-07-29 06:47:09;2;;0;howToPadANumberWithZerosAsAString_stringCountslice5;2020-06-25 15:10:49;systemUnknown
2772;javascript;skill;get random item in array;"``` `const item = items[Math.floor(Math.random() * items.length)];` (note: add +1 for e.g. 1-10 random number)";;;;;4.23;;testing;2020-08-06 07:06:10;5;;0;getRandomItemInArray_constItemItemsMathfloorMathrandomItemslength;2020-06-25 15:57:24;systemUnknown
2774;linux;command;how to list only directories, short and long form;``` short form: `ls -d */` (slash necessary), long form: `ls -l | egrep ^d`;;;;;4.83;;testing;2020-08-13 03:12:42;8;;0;howToListOnlyDirectoriesShortAndLongForm_shortFormLsDLongForm;2020-06-30 17:28:36;systemUnknown
2775;linux;command;how to list only files;``` `ls -l | egrep -v '^d'` (-v = inverse match);;;;;4.66;;learned;2020-07-29 04:23:44;4;2020-07-29 04:23:44;1;howToListOnlyFiles_lsLEgrepVDVInverseMatch;2020-07-03 11:49:48;systemUnknown
2776;vscode;shortcut;how to change the name of numerous instances of a variable;select it, [[CTRL-F2]];;;;;2.5;;new;;0;;0;howToChangeTheNameOfNumerousInstancesOfAVariable_selectItCTRLF2;2020-07-03 14:45:13;systemUnknown
2778;npm;command;how to find out the path for all global npm commands, e.g. to add to environment variables;npm config get prefix;;;;;3.79;;testing;2020-08-05 04:59:02;3;;0;howToFindOutThePathForAllGlobalNpmCommandsEgToAddToEnvironmentVariables_npmConfigGetPrefix;2020-07-20 10:52:14;systemUnknown
2779;git;command;How to get change differences between master and work branch;git diff master..et/enh/include-flashcards-in-home;;;;;3.58;;testing;2020-07-27 04:11:21;1;;0;howToGetChangeDifferencesBetweenMasterAndWorkBranch_gitLogOnelineMasteretenhincludeFlashcardsInHome;2020-07-22 15:35:49;systemUnknown
2780;atom;shortcut;get search list of all commands;CTRL-SHIFT-P;;;;;2.5;;new;;0;;0;getSearchListOfAllCommands_ctrl shift p;2020-07-22 15:35:49;systemUnknown
2781;git;command;list local branches;git branch;;;;;3.47;;testing;2020-07-27 04:52:27;1;;0;listLocalBranches_gitBranch;2020-07-22 15:54:22;systemUnknown
2782;Atom;Shortcut;search open files with keyword;CTRL-B;;;;;2.5;;new;;0;;0;searchOpenFilesWithKeyword_ctrl b;2020-07-22 16:56:25;systemUnknown
2783;Atom;Shortcut;find any file in the project fast;CTRL-T;;;;;2.5;;new;;0;;0;findAnyFileInTheProjectFast_ctrl t;2020-07-22 16:56:25;systemUnknown
2784;Atom;Shortcut;open up second and third pane for same file;``` `CTRL-K, right-arrow` then `CTRL-K, down-arrow`  or simply drag panes around ;;;;;2.5;;new;;0;;0;openUpSecondAndThirdPaneForSameFile_cTRLKRightArrowThenCTRLKDownArrowOrSimplyDragPanesAround;2020-07-22 16:56:25;systemUnknown
2785;Atom;Shortcut;go quickly to methods in JavaScript file;CTRL-R;;;;;2.5;;new;;0;;0;goQuicklyToMethodsInJavaScriptFile_ctrl r;2020-07-22 17:20:38;systemUnknown
2786;Atom;Shortcut;set and go to bookmarks;``` set: `CTRL-ALT-F2`, goto: `CTRL-F2`;;;;;2.5;;new;;0;;0;setAndGoToBookmarks_setCTRLALTF2GotoCTRLF2;2020-07-22 17:20:38;systemUnknown
2787;webdesign;Online Tool;where to get free photos;https://unsplash.com;;;;;2.5;;new;;0;;0;whereToGetFreePhotos_httpsunsplashcom;2020-07-22 19:05:41;systemUnknown
2788;vscode;shortcut;change multiple areas of text at a time;ALT-select each one, then change;;;;;2.5;;new;;0;;0;changeMultipleAreasOfTextAtATime_aLTSelectEachOneThenChange;2020-07-28 20:34:34;systemUnknown
2789;javascript;code;how to produce a 10-digit random idCode, e.g. with letters (a-f) and numbers;"require('crypto').randomBytes(5).toString('hex');";;;;;2.5;;testing;2020-07-29 04:23:22;1;;0;howToProduceARandomIdCode_requirecryptorandomBytes1toStringhex;2020-07-28 21:17:09;systemUnknown
2790;linux;command;how to list all `.htm` and `.html` files except in the directorys `node_modules` and `.git` to a file;"find . ! -path ""./node_modules/*"" ! -path ""./.git/*"" | grep -P ""\.html?$""";;;;;4.42;;testing;2020-08-06 07:05:45;3;;0;howToListAllHtmAndHtmlFilesExceptInTheDirectorysNodemodulesAndGitToAFile_findPathNodemodulesPathGitGrepPHtml;2020-07-29 10:49:42;systemUnknown
2791;git;command;how to see changes in files that you just committed locally;git show HEAD;;;;;4.58;;testing;2020-08-06 07:04:56;3;;0;howToSeeChangesInFilesThatYouHaveCommittedLocally_gitShowHEAD;2020-07-29 15:13:19;systemUnknown
2792;git;command;how to get help on e.g. ls-tree;git help ls-tree;;;;;2.94;;testing;2020-07-31 03:56:28;1;;0;howToGetHelpOnEgLsTree_gitHelpLsTree;2020-07-29 17:35:24;systemUnknown
2793;git;command;show extensive text-graphic display of log;git log --graph --decorate -30 --all --date-order --date=format:'%Y-%m-%d %H:%M:%S' --pretty=format:'%C(cyan)%h%Creset %C(black bold)%ad%Creset%C(auto)%d %s';;;;;2.5;;parked;;0;;0;showExtensiveTextGraphicDisplayOfLog_gitLogGraphDecorate3AllDateOrderDateformatYMDHMSPrettyformatCcyanhCresetCblackBoldadCresetCautodS;2020-07-29 17:35:24;systemUnknown
2794;git;command;npm script for: list last 10 commit with dates ;"""log"": ""git log --pretty=format:\""%h - %ad - %s\"" -10 --date=format:\""%Y-%m-%d %H:%M:%S\""""";;;;;3.79;;testing;2020-07-31 09:29:36;1;;0;npmScriptForSimpleGitLog_logGitLogPrettyformathCiS1;2020-07-29 17:35:24;systemUnknown
2795;git;command;how to show log as text graph but with infos;git log --graph;;;;;3.16;;testing;2020-07-31 09:53:15;1;;0;howToShowLogAsTextGraphButWithInfos_gitLogGraph;2020-07-29 17:35:24;systemUnknown
2796;git;command;show all changes from past commits;``` `git log -p` (p = patch);;;;;5.0;;learned;2020-08-04 05:06:55;3;2020-08-04 05:06:55;1;showAllChangesFromPastCommites_gitLogPPPatch;2020-07-29 17:35:24;systemUnknown
2797;git;command;simple command to get text graph of branches in log;git log --graph --all --oneline --decorate;;;;;3.88;;testing;2020-08-05 04:58:20;2;;0;simpleCommandToGetTextGraphOfBranchesInLog_gitLogGraphAllOnelineDecorate;2020-07-29 17:35:24;systemUnknown
2798;git;command;list the last three commits;git log -3;;;;;3.86;;learned;2020-08-05 04:58:25;2;2020-08-05 04:58:25;1;listTheLastThreeCommits_gitLog3;2020-07-29 17:35:24;systemUnknown
2799;git;command;how to see the contents of the directory `system` in the commit before the last one;``` `git ls-tree HEAD^ system/` (don't forget the / at the end);;;;;4.76;;testing;2020-08-06 07:04:49;4;;0;howToSeeTheContentsOfTheDirectorySystemInTheCommitBeforeTheLastOne_gitLsTreeHEADSystem;2020-07-29 17:35:24;systemUnknown
2800;react;command;how to create and run a react app in a directory;``` go to empty directory create react app in directory: `npx create-react-app .` then `npm start`;;;;;2.5;;new;;0;;0;howToCreateAndRunAReactAppInADirectory_goToEmptyDirectoryCreateReactAppInDirectoryNpxCreateReactAppThenNpmStart;2020-07-30 09:15:34;systemUnknown
2801;npm;command;how to see what global installs need to be updated;npm -g outdated;;;;;3.56;;testing;2020-08-03 03:59:05;1;;0;howToSeeWhatGlobalInstallsNeedToBeUpdated_npmGOutdated;2020-07-30 09:15:34;systemUnknown
2802;linux;command;"how to list all directories at any level that start with ""s""";ls -d */s*;;;;;3.56;;testing;2020-08-03 04:34:27;1;;0;howToListAllDirectoriesThatStartWithG_lsDG;2020-07-31 07:00:08;systemUnknown
2803;git;command;what is the git version of deleting a file (e.g. `rm test444.txt`) that you added to the workspace;git clean -f test444.txt;;;;;3.37;;testing;2020-05-18 08:42:33;1;;0;removeAFileThatYouCreatedInTheWorkspaceYouCouldAlsoJustRmIt_gitCleanFTest444txt;2020-07-31 13:22:34;systemUnknown
2804;linux;command;find previous command you used that ends with `all`;history | grep all$;;;;;4.46;;learned;2020-08-05 04:29:34;2;2020-08-05 04:29:34;1;findPreviousCommandYouUsedThatEndsWithAll_historyGrepAll;2020-07-31 14:00:11;systemUnknown
2805;gif;command;how to add and commit all tracked and untracked files;"git add . && git commit -m ""second commit""";;;;;2.5;;new;;0;;0;howToAddAndCommitAllTrackedAndUntrackedFiles_gitAddGitCommitMSecondCommit;2020-07-31 15:57:20;systemUnknown
2806;git;command;how to list changes between branches and show changes on one line (easy to read);git diff master..et-test-change-one-thing --color-words;;;;;4.49;;testing;2020-08-06 07:05:03;3;;0;howToListChangesBetweenBranchesAndShowChangesOnOneLineEasyToRead_gitDiffMasteretTestChangeOneThingColorWords;2020-07-31 17:04:54;systemUnknown
2807;git;command;how to change name of branch;``` go to branch, then: `git branch -m et-test-new-name` (note: only rename branches before you start sharing them with other people), `-m` for move;;;;;3.49;;testing;2020-08-03 09:20:53;1;;0;howToChangeNameOfBranch_goToBranchThenGitBranchMEtTestNewNameNoteOnlyRenameBranchesBeforeYouStartSharingThemWithOtherPeople;2020-07-31 17:04:54;systemUnknown
2808;linux;command;"find all lines that have ""for"" in them in a file called `qstr.js` which is somewhere in any directory, with line numbers";grep for */qstr.js -n;;;;;3.74;;testing;2020-08-03 09:21:24;1;;0;findAllLinesThatHaveForInThemInAFileCalledQstrjsWhichIsSomewhereInAnyDirectoryWithLineNumbers_grepForQstrjsN;2020-08-03 14:22:44;systemUnknown
2810;linux;command;"count how many times ""for"" occurs in a file called `qstr.js` that is somewhere in a directory";grep for */qstr.js -c;;;;;4.41;;testing;2020-08-06 07:05:55;3;;0;countHowManyTimeForOccursInAFileCalledQstrjsThatIsSomewhereInADirectory_grepForQstrjsC;2020-08-03 14:22:44;systemUnknown
2812;linux ;command;search in all files in the directory `qtools` for the whole word `name` or `Name` (but not e.g. `firstName` or `names`);grep -ri \bname\b qtools;;;;;2.5;;new;;0;;0;searchInAllFilesInTheDirectoryQtoolsForTheWholeWordNameOrNameButNotEgFirstNameOrNames_grepRiBnamebQtools;2020-08-03 14:40:10;systemUnknown
2813;git;command;how to restore to a certain commit;git reset --hard nnnnnn;;;;;4.55;;learned;2020-08-05 04:28:51;2;2020-08-05 04:28:51;1;howToRestoreToACertainCommit_gitResetHardNnnnnn;2020-08-03 16:46:03;systemUnknown
2814;git;strategy;when would you use `git reset soft`?;``` when you want collapse several commits into one;;;;;3.5;;testing;2020-08-04 05:06:44;1;;0;whenWouldYouUseGitResetSoft_whenYouWantCollapseSeveralCommitsIntoOne;2020-08-03 16:46:03;systemUnknown
2815;serverless;fact;what languages do Jekyll and Hugo run on;Ruby and Go, respectively;;;;;2.5;;new;;0;;0;whatLanguagesDoJekyllAndHugoRunOn_rubyAndGoRespectively;2020-08-03 17:25:02;systemUnknown
2816;linux;command;list all files in any subdirectory which has `require(...qsys...)` in them, except in node_modules;"``` `egrep -rn require\(.+qsys.+\) --exclude-dir=""node_modules"" .` -r = recursive, -n = line numbers";;;;;4.82;;testing;2020-08-10 04:01:31;3;;0;listAllFilesInAnySubdirectoryWhichHasRequireqsysInThemExceptInNodemodules_egrepRnRequireqsysExcludeDirnodemodules;2020-08-04 11:16:46;systemUnknown
2817;linux;command;list all files in `qtools` which have `require(...qsys...)` in them;``` `egrep -rn require\(.+qsys.+\) qtools` (notice that `grep` won't work);;;;;4.49;;testing;2020-08-06 07:05:15;2;;0;listAllFilesInQtoolsWhichHaveRequireqsysInThem_egrepRnRequireqsysQtoolsNoticeThatGrepWontWork;2020-08-04 11:16:46;systemUnknown
2818;linux;command;"list all files that have ""required....true"" EXCEPT in node_modules, EXCEPT the file ...min... and only in .js files";egrep -rn required.+true --exclude-dir=node_modules --include=*.js --exclude=*min*;;;;;4.9;;testing;2020-09-09 03:57:14;6;;0;listAllFilesThatHaveRequiredtrueEXCEPTInNodemodulesEXCEPTTheFileMinAndOnlyInJsFiles_egrepRnRequiredtrueExcludeDirnodemodulesIncludejsExcludemin;2020-08-04 11:16:46;systemUnknown
2819;linux;command;list all files in project that have e.g. `batchImportBlocks` or `batchExportBlocks`, except in node_modules;"egrep -rni ""batch.+blocks"" --exclude-dir=""node_modules""";;;;;4.04;;testing;2020-08-05 04:23:16;1;;0;listAllFilesInProjectThatHaveEgBatchImportBlocksOrBatchExportBlocksExceptInNodemodules_egrepRniBatchblocksExcludeDirnodemodules;2020-08-04 11:16:46;systemUnknown
2820;npm;command;how to update a global package, e.g. gatsby-cli;``` `npm -g up gatsby-cli` (find out which need updating with: `npm -g outdated`);;;;;3.88;;testing;2020-08-05 04:23:59;1;;0;howToUpdateAGlobalPackage_npmGUpGatsbyCliFindOutWhichNeedUpdatingWithNpmGOutdated;2020-08-05 09:20:47;systemUnknown
2821;linux;command;find all files that have super(..id..) in them, except in node_modules;"``` `egrep -rni ""super\(.*id.*\)"" --exclude-dir=node_modules` note that you need the quotation marks around the regex";;;;;4.97;;testing;2020-09-09 03:56:42;7;;0;findAllFilesThatHaveSuperidInThemExceptInNodemodules_egrepRniSuperidExcludeDirnodemodulesNoteThatYouNeedTheQuotationMarksAroundTheRegex;2020-08-05 10:16:44;systemUnknown
2822;git;command;two commands to (1) add all changes to staged, (2) take them all back;``` `git add *` and `git reset *`;;;;;4.91;;learned;2020-08-07 05:11:24;2;2020-08-07 05:11:24;1;twoCommandsTo1AddAllChangesToStaged2TakeThemAllBack_gitAddAndGitReset;2020-08-05 17:30:47;systemUnknown
2823;linux;command;how to list all commands in history that start with `ls`;"``` `history | grep -P ""^\s*\d*\s*git""` (note egrep don't work since it doesn't have \d apparently but [[:digit:]])";;;;;4.3;;testing;2020-08-06 07:03:38;1;;0;howToListAllCommandsInHistoryThatStartWithLs_historyGrepPSdsgitNoteEgrepDontWorkSinceItDoesntHaveDApparentlyButDigit;2020-08-05 17:30:47;systemUnknown
2824;windows;command;how to determine windows version, e.g. 1607, 1909, etc. 	;click start and type `winver`;;;;;2.5;;new;;0;;0;howToDetermineWindowsVersionEg167199Etc_clickStartAndTypeWinver;2020-08-06 00:08:04;systemUnknown
2826;git;command;how to pull a remote branch down and switch to it;git checkout -b 01_02b origin/01_02b;;;;;4.72;;testing;2020-08-10 04:01:57;1;;0;howToPullARemoteBranchDownAndSwitchToIt_gitCheckoutB12bOrigin12b;2020-08-07 19:07:44;systemUnknown
2827;network;tool;how to check if your point to access e.g. port 27017;http://portquiz.net:27017;;;;;2.5;;new;;0;;0;howToCheckIfYourPointToAccessEgPort2717_httpportquiznet2717;2020-08-07 23:30:43;systemUnknown
2828;Notepad++;regex;how to remove all blank lines;search for `^\s` and replace with nothing;;;;;2.5;;new;;0;;0;howToRemoveAllBlankLines_searchForSAndReplaceWithNothing;2020-08-11 10:58:20;systemUnknown
2829;windows;command;how to kill a process listening to a port;"(run windows cmd as administrator)
netstat -ano | findstr :3001
(shows LISTENING NNNNN)
taskkill /PID NNNN /F";;;;;2.5;;new;;0;;0;howToKillAProcessListeningToAPort_runWindowsCmdAsAdministratornetstatAnoFindstr31showsLISTENINGNNNNNtaskkillPIDNNNNF;2020-08-12 04:20:42;systemUnknown
2830;React;code;what is the syntax of a function component;"const Header = ({ title }) => { 
	return (";;;;;2.5;;new;;0;;0;whatIsTheSyntaxOfAFunctionComponent_constHeaderTitleReturn;2020-08-12 15:05:42;systemUnknown
2831;developerPanel;tip;how debug through code;"``` include the statement `debugger;` in the text";;;;;2.5;;new;;0;;0;howDebugThroughCode_includeTheStatementDebuggerInTheText;2020-08-12 15:05:42;systemUnknown
2832;React;code;what is the syntax of a class component;"class Header extends React.Component { 
	render() {";;;;;2.5;;new;;0;;0;whatIsTheSyntaxOfAClassComponent_classHeaderExtendsReactComponentRender;2020-08-12 15:05:42;systemUnknown
2833;git ;command;if you've deleted files to workspace, how can you get them back;git checkout head .;;;;;2.5;;new;;0;;0;ifYouveDeletedFilesToWorkspaceHowCanYouGetThemBack_gitCheckoutHead;2020-08-13 16:08:06;systemUnknown
2834;git;paired command;delete all files from directory (`public`) to workspace, then pull them back from workspace;``` `find public -mindepth 1 -delete` then `git checkout head public`;;;;;3.63;;testing;2020-09-09 03:37:44;1;;0;deleteAllFilesFromDirectoryPublicToWorkspaceThenPullThemBackFromWorkspace_findPublicMindepth1DeleteThenGitCheckoutHeadPublic;2020-08-13 16:08:06;systemUnknown
2835;linux;command;delete all files recursively in a directory (e.g. `dist`) without deleting the directory;find dist -mindepth 1 -delete;;;;;3.26;;testing;2020-09-09 03:48:19;1;;0;deleteAllFilesRecursivelyInADirectoryEgDistWithoutDeletingTheDirectory_findDistMindepth1Delete;2020-08-13 16:08:06;systemUnknown
2836;vscode;setting;how to make the respository name always appear;[[ctrl-,]], alwaysShowRepositories, check it;;;;;2.5;;new;;0;;0;howToMakeTheRespositoryNameAlwaysAppear_ctrlAlwaysShowRepositoriesCheckIt;2020-08-14 21:01:33;systemUnknown
2837;git;command;rename the commit message you just committed;"`git commit --amend -m ""get jquery test to work""";;;;;3.4;;testing;2020-09-09 03:51:49;1;;0;gitCommitAmendMGetJqueryTestToWork_;2020-08-20 05:52:40;systemUnknown
2838;vscode;shortcut;open command line window in project directory;CTRL-SHIFT-C;;;;;2.5;;new;;0;;0;openCommandLineWindowInProjectDirectory_ctrl shift c;2020-09-01 17:09:47;systemUnknown
2839;vscode;shortcut;flip between tabs easily;``` `ctrl-`, `scrollToSwitchTabs`, then mouse wheel on tabs;;;;;2.5;;new;;0;;0;flipBetweenTabsEasily_ctrlScrollToSwitchTabsThenMouseWheelOnTabs;2020-09-01 17:09:47;systemUnknown
2840;php;people;who wrote Drupal and when;Dries Buytaert, 2001;;;;;2.5;;new;;0;;0;whoWroteDrupalAndWhen_driesBuytaert21;2020-09-03 23:38:53;systemUnknown
2841;php;frameworks;which framework was inspired by Ruby on Rails;CakePHP;;;;;2.5;;new;;0;;0;whichFrameworkWasInspiredByRubyOnRails_cakePHP;2020-09-04 11:13:05;systemUnknown
2842;php;frameworks;which framework was started by a Polish programmer;CakePHP;;;;;2.5;;new;;0;;0;whichFrameworkWasStartedByAPolishProgrammer_cakePHP;2020-09-04 11:13:05;systemUnknown
2843;javascript;functions;"How to insert ""February"" in array: `const months = ['Jan', 'March', 'April', 'June'];`	";"``` `months.splice(1, 0, 'Feb');` (insert before position 1, and delete nothing)";;;;;2.5;;testing;2020-09-09 03:53:38;1;;0;howToInsertFebruaryInArrayConstMonthsJanMarchAprilJune_monthssplice1FebInsertBeforePosition1AndDeleteNothing;2020-09-07 14:45:16;systemUnknown
2844;javascript;functions;"How to replace ""nnn"" with ""May"" in array: `const months = ['Jan', 'February', 'March', 'April', 'nnn', 'June'];`";"``` `const result = months.splice(4,1,'May');` (insert before position 4, and delete 1, return ""nnn"")";;;;;3.13;;testing;2020-09-09 03:56:00;1;;0;howToReplaceNnnWithMayInArrayConstMonthsJanFebruaryMarchAprilNnnJune_constResultMonthssplice41MayInsertBeforePosition4AndDelete1ReturnNnn;2020-09-07 14:45:16;systemUnknown
2845;npm;fix;if globally installed npm packages are not found at the command line;in environment variables, copy the the contents of `NODE_PATH` to `PATH`, e.g. `C:\Users\ADMIN\AppData\Roaming\npm`	;;;;;3.31;;testing;2020-09-09 03:56:12;1;;0;ifGloballyInstalledNpmPackagesAreNotFoundAtTheCommandLine_inEnvironmentVariablesCopyTheTheContentsOfNODEPATHToPATHEgCUsersADMINAppDataRoamingnpm;2020-09-07 21:45:09;systemUnknown
2846;regex;command;all lines that do not start with `http`;^(?!http).*;;;;;2.5;;new;;0;;0;http_;2020-09-07 21:45:09;systemUnknown
2847;linux;command;how to find a directory anywhere on the system, e.g. `systemClasses`, or even part of a file e.g. `.list`;``` `locate systemClasses` (this works quite well to find anything on Ubuntu) ;;;;;4.88;;testing;2020-09-28 04:13:09;1;;0;howToFindADirectoryAnywhereOnTheSystemSearchInPathEgSystemClasses_locateSystemClasses;2020-09-09 14:27:03;systemUnknown
2848;linux;command;how to find all `.h` files on system;``` `locate *.h` or `find / -name *.h` (both work well);;;;;4.72;;testing;2020-09-28 04:14:29;1;;0;howToFindAllHFilesOnSystem_locateHOrFindNameH;2020-09-09 14:27:03;systemUnknown
2849;linux;command;how to list **only directories** or **only files** in a directory;``` only directories: `ls -al | grep ^d`, only files: `ls -al | grep ^d -v` (-v means inverse);;;;;5;;testing;2020-09-28 04:19:11;1;;0;howToListOnlyFilesInDirectory_lsPGrepVVInvertSearchAnythingOtherThanPWillListFilesAndDirectoriesOrLsAlGrepDV;2020-09-09 14:28:09;systemUnknown
2850;linux;command;find all files recursively (except in `node_modules`) which have e.g. `action_deleteItem` or `action_getPageItemInfo` in them;"``` `egrep -rni ""action_.{5,7}Item"" --exclude-dir=node_modules` (`-r` recursive, `-n` line number, `-i` case-insensitive)";;;;;4.99;;testing;2020-09-28 04:19:47;1;;0;findAllFilesRecursivelyExceptInNodemodulesWhichHaveEgActiondeleteItemOrActiongetPageItemInfoInThem_egrepRniAction57ItemExcludeDirnodemodulesRRecursiveNLineNumberICaseInsensitive;2020-09-10 11:22:30;systemUnknown
2851;sass;command;how to have two colors in an e.g. H1 gradient be based on one color, one lighter than the other;"``` `background: linear-gradient(30deg, lighten($table_head_col, 40%) 10%, $table_head_col 100%);` (note you can change `$table_head_col` and both colors will change)";;;;;2.5;;new;;0;;0;howToHaveTwoColorsInAnEgH1GradientBeBasedOnOneColorOneLighterThanTheOther_backgroundLinearGradient3degLightentableheadcol41Tableheadcol1NoteYouCanChangeTableheadcolAndBothColorsWillChange;2020-09-10 17:05:48;systemUnknown
2852;linux;command;how to change timezone to Berlin (or London);``` tested on Ubuntu, works well, change to Berlin: `sudo timedatectl set-timezone Europe/Berlin`, and then to London: `sudo timedatectl set-timezone Europe/London` ;;;;;4.01;;testing;2020-09-28 04:21:56;1;;0;howToChangeTimezoneToBerlin_sudoTimedatectlSetTimezoneEuropeBerlin;2020-09-13 03:00:38;systemUnknown
2853;linux;tools;six tools for aggregating logs of a fleet of servers;``` [Cacti](https://en.wikipedia.org/wiki/Cacti_(software)) (2001, cross-platform), Ngios, Prometheus, New Relic, Splunk, PagerDuty;;;;;3.52;;testing;2020-09-28 04:25:36;1;;0;sixToolsForAggregatingLogsOfAFleetOfServers_cactiNgiosPrometheusNewRelicSplunkPagerDuty;2020-09-13 03:00:38;systemUnknown
2854;linux;info;"how to search system logs for ""DHCP"" or ""Berlin"" to see when timezone was changed to Berlin";``` `cat /var/log/syslog | grep DHCP` or `cat /var/log/syslog | grep Berlin`;;;;;3.22;;testing;2020-09-28 04:29:50;1;;0;howToSearchSystemLogsForDHCP_catVarlogsyslogGrepDHCP;2020-09-13 03:00:38;systemUnknown
2855;linux;command;how to grep a man page;`man ps | grep -- -h`;;;;;4.95;;testing;2020-09-28 04:30:33;1;;0;howToGrepAManPage_manPsGrepH;2020-09-13 09:00:54;systemUnknown
2861;excel;function;how to show month name of date;"=TEXT(I18;""MMMM"")";;;;;2.5;;new;;0;;0;"howToShowMonthNameOfDate_=text(i18;""mmmm"")";2020-09-29 15:34:10;systemUnknown
2862;excel;function;how to find out if the text in one cell is in another cell;"``` `=FINDEN(M18;J18)` (returns the position, starting with 1)";;;;;2.5;;new;;0;;0;howToFindOutIfTheTextInOneCellIsInAnotherCell_fINDENM18J18ReturnsThePositionStartingWith1;2020-09-29 15:34:10;systemUnknown
2863;vba;code;change form caption upon opening;"Private Sub UserForm_Initialize()
	Me.Caption = ""Opened at "" & Time()
End Sub";;;;;2.5;;testing;;0;;0;changeFormCaptionUponOpening_privateSubUserFormInitializeMeCaptionOpenedAtTimeEndSub;2020-09-28 06:39:55;systemUnknown
2864;vba;tip;turn off syntax check;in VBA editor, *Tools > Options > Automatic Syntax Checking*;;;;;2.5;;new;;0;;0;turnOffSyntaxCheck_inVBAEditorToolsOptionsAutomaticSyntaxChecking;2020-10-03 08:48:52;systemUnknown
2865;vba;command;force variables to be defined;Option Explicit;;;;;2.5;;new;;0;;0;forceVariablesToBeDefined_optionExplicit;2020-10-03 08:48:52;systemUnknown
2866;vba;shortcut;how to close all code windows;press and hold down CTRL-F4;;;;;;;;;;;;;2020-10-06 23:41:46;systemUnknown
2867;vba;rule;what do you have to remember about assigning objects;always use `Set`;;;;;;;;;;;;;2020-10-12 14:59:42;systemUnknown
