id,idCode,title,description,kind,subsite,displayOrder,systemWhenCreated,systemWhoCreated
37,gfhowtos,Gfhowtos,,custom,gf,40,2019-03-05 16:38:12,systemUnknown
38,itemTypes,Item Types,,system,core,50,2019-03-05 16:38:12,systemUnknown
39,showcaseBooks,Showcase Books,,system,core,70,2019-03-05 16:38:12,systemUnknown
40,users,Users,,system,core,90,2019-03-05 16:38:12,systemUnknown
41,pageItems,Page Items,,system,core,60,2019-03-05 16:38:12,systemUnknown
42,dpnVersions,Dpn Versions,,custom,tech,30,2019-03-05 16:38:12,systemUnknown
43,applicationFiles,Application Files,,custom,systemPublish,10,2019-03-05 16:38:12,systemUnknown
44,showcaseUsers,Showcase Users,,system,core,80,2019-03-05 16:38:12,systemUnknown
45,dpnVersionFeatures,Dpn Version Features,,custom,tech,20,2019-03-05 16:38:12,systemUnknown
128,howtos,Howtos,,custom,tech,100,2019-03-21 16:26:38,systemUnknown
130,todos,Todos,,custom,tech,100,2019-03-21 16:33:04,systemUnknown
131,tips,Tips,,custom,tech,100,2019-03-21 16:50:19,systemUnknown
133,keys,Keys,,custom,tech,100,2019-03-21 16:56:28,systemUnknown
143,gftasks,Gftasks,,custom,gf,100,2019-04-08 10:33:37,systemUnknown
156,userPoints,User Points,,custom,tech,100,2019-04-24 11:17:59,systemUnknown
159,comparisons,Comparisons,,custom,tech,100,2019-05-17 15:53:56,systemUnknown
160,techItems,Tech Items,,custom,tech,100,2019-05-17 16:06:29,systemUnknown
162,techTopicGroups,Tech Topic Groups,,custom,tech,100,2019-06-12 11:21:40,systemUnknown
163,forays,Forays,,system,tech,100,2019-07-10 16:43:35,systemUnknown
182,systemTexts,System Texts,,system,core,100,2019-08-09 13:56:29,systemUnknown
185,siteTodos,Site Todos,,system,core,100,2019-08-14 10:44:21,systemUnknown
187,dpnFaqs,Dpn Faqs,,system,core,100,2019-08-15 09:30:27,systemUnknown
189,documentationSections,Documentation Sections,,system,core,100,2019-08-15 10:37:41,systemUnknown
190,liTutorials,LiTutorials,,system,core,100,2020-04-15 16:31:24,systemUnknown
191,flashcards,Flashcards,,system,core,100,2020-04-27 14:09:54,systemUnknown
